<application>
  <component name="MaterialThemeConfig">
    <option name="compactStatusBar" value="true" />
    <option name="contrastMode" value="true" />
    <option name="highContrast" value="true" />
    <option name="highlightColorEnabled" value="true" />
    <option name="isHighlightColorEnabled" value="true" />
    <option name="isCompactStatusBar" value="true" />
    <option name="isContrastMode" value="true" />
    <option name="isHighContrast" value="true" />
    <option name="pristineConfig" value="false" />
    <option name="statusBarTheme" value="false" />
    <option name="tabsHeight" value="18" />
    <option name="accentColor" value="ffd866" />
    <option name="selectedTheme" value="MONOKAI" />
    <option name="userId" value="-799cebca:170d5e35a2f:-8000" />
    <option name="version" value="5.2.0" />
  </component>
</application>