<application>
  <component name="InlayHintsSettings">
    <option name="disabledHintProviderIds">
      <set>
        <option value="JAVA.JavaLens" />
      </set>
    </option>
    <option name="lastViewedProviderKeyId" value="Scala.ScalaGeneralTypeHintsSettingsModel" />
    <settingsMapElement>
      <JAVA.chain.hints>
        <Settings>
          <option name="uniqueTypeCount" value="1" />
        </Settings>
      </JAVA.chain.hints>
      <JAVA.JavaLens>
        <JavaLensSettings>
          <option name="showImplementations" value="true" />
          <option name="showUsages" value="true" />
        </JavaLensSettings>
      </JAVA.JavaLens>
    </settingsMapElement>
  </component>
</application>