<code_scheme name="Default" version="173">
  <JSCodeStyleSettings version="0">
    <option name="SPACES_WITHIN_IMPORTS" value="true" />
    <option name="SPACES_WITHIN_INTERPOLATION_EXPRESSIONS" value="true" />
  </JSCodeStyleSettings>
  <JavaCodeStyleSettings>
    <option name="CLASS_COUNT_TO_USE_IMPORT_ON_DEMAND" value="9995" />
    <option name="NAMES_COUNT_TO_USE_IMPORT_ON_DEMAND" value="9999" />
  </JavaCodeStyleSettings>
  <JetCodeStyleSettings>
    <option name="PACKAGES_TO_USE_STAR_IMPORTS">
      <value>
        <package name="java.util" alias="false" withSubpackages="false" />
        <package name="kotlinx.android.synthetic" alias="false" withSubpackages="true" />
        <package name="io.ktor" alias="false" withSubpackages="true" />
      </value>
    </option>
    <option name="PACKAGES_IMPORT_LAYOUT">
      <value>
        <package name="" alias="false" withSubpackages="true" />
        <package name="java" alias="false" withSubpackages="true" />
        <package name="javax" alias="false" withSubpackages="true" />
        <package name="kotlin" alias="false" withSubpackages="true" />
        <package name="" alias="true" withSubpackages="true" />
      </value>
    </option>
  </JetCodeStyleSettings>
  <ScalaCodeStyleSettings>
    <option name="MULTILINE_STRING_CLOSING_QUOTES_ON_NEW_LINE" value="true" />
  </ScalaCodeStyleSettings>
  <codeStyleSettings language="JAVA">
    <option name="ALIGN_MULTILINE_CHAINED_METHODS" value="true" />
    <option name="ALIGN_MULTILINE_PARAMETERS_IN_CALLS" value="true" />
    <option name="METHOD_CALL_CHAIN_WRAP" value="2" />
  </codeStyleSettings>
  <codeStyleSettings language="Scala">
    <option name="ALIGN_MULTILINE_CHAINED_METHODS" value="true" />
    <option name="METHOD_CALL_CHAIN_WRAP" value="1" />
  </codeStyleSettings>
</code_scheme>