<code_scheme name="Default" version="173">
  <JSCodeStyleSettings version="0">
    <option name="SPACES_WITHIN_IMPORTS" value="true" />
    <option name="SPACES_WITHIN_INTERPOLATION_EXPRESSIONS" value="true" />
  </JSCodeStyleSettings>
  <JavaCodeStyleSettings>
    <option name="CLASS_COUNT_TO_USE_IMPORT_ON_DEMAND" value="9995" />
    <option name="NAMES_COUNT_TO_USE_IMPORT_ON_DEMAND" value="9999" />
  </JavaCodeStyleSettings>
  <ScalaCodeStyleSettings>
    <option name="addFullQualifiedImports" value="false" />
    <option name="sortAsScalastyle" value="true" />
    <option name="FORMATTER" value="1" />
    <option name="MULTILINE_STRING_CLOSING_QUOTES_ON_NEW_LINE" value="true" />
  </ScalaCodeStyleSettings>
  <codeStyleSettings language="JAVA">
    <option name="ALIGN_MULTILINE_CHAINED_METHODS" value="true" />
    <option name="ALIGN_MULTILINE_PARAMETERS_IN_CALLS" value="true" />
    <option name="METHOD_CALL_CHAIN_WRAP" value="2" />
  </codeStyleSettings>
  <codeStyleSettings language="Scala">
    <option name="ALIGN_MULTILINE_CHAINED_METHODS" value="true" />
    <option name="METHOD_CALL_CHAIN_WRAP" value="1" />
    <option name="WRAP_FIRST_METHOD_IN_CALL_CHAIN" value="true" />
  </codeStyleSettings>
</code_scheme>