<keymap version="1" name="MyCustom" parent="Eclipse">
  <action id="ActivateBuildToolWindow">
    <keyboard-shortcut first-keystroke="alt 2" />
  </action>
  <action id="ActivateCommitToolWindow">
    <keyboard-shortcut first-keystroke="alt 3" />
  </action>
  <action id="ActivateFavoritesToolWindow" />
  <action id="ActivateProjectToolWindow">
    <keyboard-shortcut first-keystroke="alt 9" />
  </action>
  <action id="ActivateTODOToolWindow" />
  <action id="ActivateTerminalToolWindow">
    <keyboard-shortcut first-keystroke="alt 1" />
  </action>
  <action id="ActivateVersionControlToolWindow" />
  <action id="CompileDirty">
    <keyboard-shortcut first-keystroke="ctrl f9" />
  </action>
  <action id="Console.Jpa.GenerateSql" />
  <action id="Console.TableResult.DeleteColumns" />
  <action id="Console.TableResult.NextPage" />
  <action id="DebugClass">
    <keyboard-shortcut first-keystroke="shift ctrl alt f9" />
  </action>
  <action id="EditorDeleteToLineEnd">
    <keyboard-shortcut first-keystroke="shift alt delete" />
  </action>
  <action id="EditorDeleteToLineStart">
    <keyboard-shortcut first-keystroke="shift ctrl delete" />
  </action>
  <action id="EditorFocusGutter" />
  <action id="EditorScrollDown" />
  <action id="EditorScrollDownAndMove">
    <keyboard-shortcut first-keystroke="ctrl down" />
  </action>
  <action id="EditorScrollLeft">
    <keyboard-shortcut first-keystroke="shift ctrl alt open_bracket" />
  </action>
  <action id="EditorScrollRight">
    <keyboard-shortcut first-keystroke="shift ctrl alt close_bracket" />
  </action>
  <action id="EditorScrollUp" />
  <action id="EditorScrollUpAndMove">
    <keyboard-shortcut first-keystroke="ctrl up" />
  </action>
  <action id="EditorSelectLine">
    <keyboard-shortcut first-keystroke="shift ctrl alt period" />
  </action>
  <action id="EditorShowGutterIconTooltip" />
  <action id="EditorToggleCase">
    <keyboard-shortcut first-keystroke="shift ctrl u" />
  </action>
  <action id="ExternalSystem.ProjectRefreshAction">
    <keyboard-shortcut first-keystroke="shift ctrl comma" />
  </action>
  <action id="FileStructurePopup">
    <keyboard-shortcut first-keystroke="ctrl o" />
  </action>
  <action id="Find">
    <keyboard-shortcut first-keystroke="alt f" />
  </action>
  <action id="GotoImplementation">
    <keyboard-shortcut first-keystroke="ctrl t" />
  </action>
  <action id="GotoSuperMethod">
    <keyboard-shortcut first-keystroke="shift ctrl n" />
  </action>
  <action id="GotoTest">
    <keyboard-shortcut first-keystroke="shift ctrl q" />
  </action>
  <action id="GotoTypeDeclaration">
    <keyboard-shortcut first-keystroke="shift ctrl b" />
  </action>
  <action id="IntroduceVariable">
    <keyboard-shortcut first-keystroke="ctrl alt v" />
  </action>
  <action id="MoveLineDown">
    <keyboard-shortcut first-keystroke="ctrl alt slash" />
  </action>
  <action id="MoveLineUp">
    <keyboard-shortcut first-keystroke="ctrl alt comma" />
  </action>
  <action id="NextSplitter">
    <keyboard-shortcut first-keystroke="ctrl alt quote" />
  </action>
  <action id="PrevSplitter">
    <keyboard-shortcut first-keystroke="ctrl alt semicolon" />
  </action>
  <action id="ProjectRefreshAction">
    <keyboard-shortcut first-keystroke="shift ctrl comma" />
  </action>
  <action id="Scala.ShowImplicitConversions" />
  <action id="Scala.ShowImplicits">
    <keyboard-shortcut first-keystroke="shift ctrl alt equals" />
    <keyboard-shortcut first-keystroke="shift ctrl alt add" />
  </action>
  <action id="SelectInProjectView">
    <keyboard-shortcut first-keystroke="ctrl comma" />
  </action>
  <action id="SmartTypeCompletion">
    <keyboard-shortcut first-keystroke="shift ctrl alt space" />
  </action>
  <action id="ToggleLineBreakpoint">
    <keyboard-shortcut first-keystroke="ctrl b" />
  </action>
  <action id="ViewNavigationBar" />
  <action id="ZoomCurrentWindow">
    <keyboard-shortcut first-keystroke="shift ctrl alt o" />
  </action>
</keymap>