<keymap version="1" name="MyCustom" parent="Eclipse">
  <action id="$Copy">
    <keyboard-shortcut first-keystroke="ctrl c" />
  </action>
  <action id="$Cut">
    <keyboard-shortcut first-keystroke="ctrl x" />
  </action>
  <action id="ActivateBookmarksToolWindow" />
  <action id="ActivateBuildToolWindow">
    <keyboard-shortcut first-keystroke="alt 2" />
  </action>
  <action id="ActivateCommitToolWindow">
    <keyboard-shortcut first-keystroke="alt 3" />
  </action>
  <action id="ActivateFavoritesToolWindow" />
  <action id="ActivateFindToolWindow" />
  <action id="ActivateProjectToolWindow">
    <keyboard-shortcut first-keystroke="alt 9" />
  </action>
  <action id="ActivateTODOToolWindow" />
  <action id="ActivateTerminalToolWindow">
    <keyboard-shortcut first-keystroke="alt 1" />
  </action>
  <action id="ActivateVersionControlToolWindow" />
  <action id="AutoIndentLines">
    <keyboard-shortcut first-keystroke="ctrl alt l" />
  </action>
  <action id="CollapseAllRegions">
    <keyboard-shortcut first-keystroke="shift ctrl divide" />
    <keyboard-shortcut first-keystroke="shift ctrl meta slash" />
  </action>
  <action id="CompileDirty">
    <keyboard-shortcut first-keystroke="ctrl f9" />
  </action>
  <action id="Console.Jpa.GenerateSql" />
  <action id="Console.TableResult.DeleteColumns" />
  <action id="Console.TableResult.NextPage" />
  <action id="Debug">
    <keyboard-shortcut first-keystroke="shift alt d" />
  </action>
  <action id="DebugClass">
    <keyboard-shortcut first-keystroke="shift ctrl alt f9" />
  </action>
  <action id="EditorCloneCaretAbove">
    <keyboard-shortcut first-keystroke="ctrl alt w" />
  </action>
  <action id="EditorCloneCaretBelow">
    <keyboard-shortcut first-keystroke="ctrl alt e" />
  </action>
  <action id="EditorDeleteToLineEnd">
    <keyboard-shortcut first-keystroke="shift alt delete" />
  </action>
  <action id="EditorDeleteToLineStart">
    <keyboard-shortcut first-keystroke="shift ctrl delete" />
  </action>
  <action id="EditorFocusGutter" />
  <action id="EditorScrollDown" />
  <action id="EditorScrollDownAndMove">
    <keyboard-shortcut first-keystroke="ctrl down" />
  </action>
  <action id="EditorScrollLeft">
    <keyboard-shortcut first-keystroke="shift ctrl alt open_bracket" />
    <mouse-shortcut keystroke="alt button143" />
  </action>
  <action id="EditorScrollRight">
    <keyboard-shortcut first-keystroke="shift ctrl alt close_bracket" />
    <mouse-shortcut keystroke="alt button142" />
  </action>
  <action id="EditorScrollUp" />
  <action id="EditorScrollUpAndMove">
    <keyboard-shortcut first-keystroke="ctrl up" />
  </action>
  <action id="EditorSelectLine">
    <keyboard-shortcut first-keystroke="shift ctrl alt period" />
  </action>
  <action id="EditorShowGutterIconTooltip" />
  <action id="EditorToggleCase">
    <keyboard-shortcut first-keystroke="shift ctrl u" />
  </action>
  <action id="ExternalSystem.ProjectRefreshAction">
    <keyboard-shortcut first-keystroke="shift ctrl comma" />
  </action>
  <action id="FileStructurePopup">
    <keyboard-shortcut first-keystroke="ctrl o" />
  </action>
  <action id="Find">
    <keyboard-shortcut first-keystroke="ctrl f" />
  </action>
  <action id="Generate.Missing.Members.ES6" />
  <action id="Generate.Missing.Members.TypeScript" />
  <action id="Git.Pull">
    <keyboard-shortcut first-keystroke="shift alt u" />
  </action>
  <action id="GotoImplementation">
    <keyboard-shortcut first-keystroke="ctrl t" />
  </action>
  <action id="GotoSuperMethod">
    <keyboard-shortcut first-keystroke="shift ctrl n" />
  </action>
  <action id="GotoTest">
    <keyboard-shortcut first-keystroke="shift ctrl q" />
  </action>
  <action id="GotoTypeDeclaration">
    <keyboard-shortcut first-keystroke="shift ctrl b" />
  </action>
  <action id="ImplementMethods">
    <keyboard-shortcut first-keystroke="ctrl i" />
  </action>
  <action id="IntroduceVariable">
    <keyboard-shortcut first-keystroke="ctrl alt v" />
  </action>
  <action id="Kotlin.RunScratch" />
  <action id="MoveLineDown">
    <keyboard-shortcut first-keystroke="ctrl alt slash" />
  </action>
  <action id="MoveLineUp">
    <keyboard-shortcut first-keystroke="ctrl alt comma" />
  </action>
  <action id="NextSplitter">
    <keyboard-shortcut first-keystroke="ctrl alt quote" />
  </action>
  <action id="OptimizeImports">
    <keyboard-shortcut first-keystroke="shift ctrl o" />
  </action>
  <action id="OverrideMethods">
    <keyboard-shortcut first-keystroke="ctrl alt i" />
  </action>
  <action id="ParameterInfo">
    <keyboard-shortcut first-keystroke="shift alt p" />
  </action>
  <action id="PrevSplitter">
    <keyboard-shortcut first-keystroke="ctrl alt semicolon" />
  </action>
  <action id="ProjectRefreshAction">
    <keyboard-shortcut first-keystroke="shift ctrl comma" />
  </action>
  <action id="QuickJavaDoc">
    <keyboard-shortcut first-keystroke="f2" />
  </action>
  <action id="ReformatCode">
    <keyboard-shortcut first-keystroke="shift ctrl f" />
  </action>
  <action id="Replace">
    <keyboard-shortcut first-keystroke="alt f" />
  </action>
  <action id="ReplaceInPath">
    <keyboard-shortcut first-keystroke="shift ctrl h" />
  </action>
  <action id="Run">
    <keyboard-shortcut first-keystroke="shift alt x" />
  </action>
  <action id="Scala.RunConsole" />
  <action id="Scala.RunWorksheet" />
  <action id="Scala.ShowImplicitConversions" />
  <action id="Scala.ShowImplicits">
    <keyboard-shortcut first-keystroke="shift ctrl alt equals" />
    <keyboard-shortcut first-keystroke="shift ctrl alt add" />
  </action>
  <action id="SelectInProjectView">
    <keyboard-shortcut first-keystroke="ctrl comma" />
  </action>
  <action id="SmartTypeCompletion">
    <keyboard-shortcut first-keystroke="shift ctrl alt space" />
  </action>
  <action id="ToggleLineBreakpoint">
    <keyboard-shortcut first-keystroke="ctrl b" />
  </action>
  <action id="ToggleRenderedDocPresentationForAll">
    <keyboard-shortcut first-keystroke="ctrl meta alt q" />
  </action>
  <action id="UnsplitAll">
    <keyboard-shortcut first-keystroke="meta alt enter" />
  </action>
  <action id="Vcs.Push">
    <keyboard-shortcut first-keystroke="alt u" />
  </action>
  <action id="Vcs.ShowMessageHistory">
    <keyboard-shortcut first-keystroke="ctrl m" />
  </action>
  <action id="ViewNavigationBar" />
  <action id="XDebugger.MuteBreakpoints">
    <keyboard-shortcut first-keystroke="ctrl alt b" />
  </action>
  <action id="ZoomCurrentWindow">
    <keyboard-shortcut first-keystroke="shift ctrl alt o" />
  </action>
  <action id="hg4idea.QPushAction" />
</keymap>